kassiesa_team,country,coefficient,wikidata_id,wikidata_team,uefa_id
Bayern München,Ger,147.5,,,
Real Madrid,Esp,144.5,,,
Paris Saint-Germain,Fra,132.0,,,
Liverpool,Eng,130.0,,,
Internazionale,Ita,127.0,,,
Manchester City,Eng,125.5,,,
Arsenal,Eng,119.0,,,
FC Barcelona,Esp,113.25,,,
Bayer Leverkusen,Ger,105.0,,,
Atlético Madrid,Esp,104.75,,,
Borussia Dortmund,Ger,100.75,,,
Chelsea,Eng,99.25,,,
AS Roma,Ita,97.75,,,
Benfica,Por,90.0,,,
Sporting CP Lisbon,Por,84.0,,,
Atalanta,Ita,84.0,,,
Aston Villa,Eng,83.0,,,
Eintracht Frankfurt,Ger,83.0,,,
Tottenham Hotspur,Eng,82.0,,,
FC Porto,Por,80.75,,,
Manchester United,Eng,76.5,,,
Fiorentina,Ita,76.25,,,
Club Brugge,Bel,75.25,,,
Real Betis,Esp,74.5,,,
Juventus,Ita,72.25,,,
PSV Eindhoven,Ned,71.25,,,
Feyenoord,Ned,71.0,,,
West Ham United,Eng,69.0,,,
Lille OSC,Fra,68.75,,,
AC Milan,Ita,66.0,,,
Olympique Lyon,Fra,65.75,,,
Bodø/Glimt,Nor,64.0,,,
Sporting Braga,Por,63.75,,,
Napoli,Ita,63.0,,,
AZ Alkmaar,Ned,62.875,,,
Olympiakos Piraeus,Gre,62.25,,,
RB Leipzig,Ger,61.0,,,
Glasgow Rangers,Sco,59.25,,,
Villarreal,Esp,59.0,,,
Lazio,Ita,59.0,,,
Ajax,Ned,58.25,,,
Fenerbahçe,Tur,57.75,,,
Real Sociedad,Esp,57.0,,,
SC Freiburg,Ger,56.5,,,
Shakhtar Donetsk,Ukr,56.25,,,
AS Monaco,Fra,56.0,,,
FC København,Den,54.375,,,
Olympique Marseille,Fra,54.0,,,
Galatasaray,Tur,53.5,,,
Ferencváros,Hun,51.25,,,
Viktoria Plzen,Cze,50.5,,,
FC Midtjylland,Den,48.25,,,
PAOK Thessaloniki,Gre,48.25,,,
Union Saint-Gilloise,Bel,48.0,,,
Red Star Belgrade,Srb,46.5,,,
Dinamo Zagreb,Cro,46.5,,,
FC Salzburg,Aut,45.0,,,
Celtic,Sco,44.0,,,
Slavia Praha,Cze,44.0,,,
Qarabag FK,Azb,42.75,,,
AA Gent,Bel,39.0,,,
Sevilla,Esp,39.0,,,
Athletic Bilbao,Esp,38.75,,,
Sparta Praha,Cze,38.25,,,
Slovan Bratislava,Svk,36.0,,,
Stade Rennais,Fra,35.0,,,
FC Basel,Sui,34.5,,,
Legia Warsaw,Pol,32.5,,,
Maccabi Tel-Aviv,Isr,32.5,,,
Djurgårdens IF,Swe,32.0,,,
Bologna,Ita,30.75,,,
Anderlecht,Bel,30.75,,,
Newcastle United,Eng,29.75,,,
Rapid Wien,Aut,29.75,,,
Young Boys,Sui,29.5,,,
Panathinaikos,Gre,29.25,,,
Racing Genk,Bel,29.0,,,
Ludogorets Razgrad,Bul,28.75,,,
Sturm Graz,Aut,28.0,,,
VfB Stuttgart,Ger,27.5,,,
Lech Poznan,Pol,27.25,,,
FCSB,Rom,25.5,,,
Pafos FC,Cyp,24.125,,,
AEK Athens,Gre,24.0,,,
Nottingham Forest,Eng,23.0,,,
Crystal Palace,Eng,21.88,,,
Brighton & Hove Albion,Eng,16.0,,,
Leicester City,Eng,13.0,,,
NK Celje,Slo,23.0,,,
Union Berlin,Ger,23.0,,,
Raków Czestochowa,Pol,22.25,,,
Rayo Vallecano,Esp,22.0,,,
Jagiellonia Bialystok,Pol,22.0,,,
Partizan Belgrade,Srb,22.0,,,
Molde FK,Nor,21.75,,,
RC Strasbourg,Fra,21.5,,,
Omonia Nicosia,Cyp,21.25,,,
FC Lugano,Sui,21.25,,,
LASK,Aut,21.0,,,
AEK Larnaca,Cyp,20.25,,,
OGC Nice,Fra,20.0,,,
Sheriff Tiraspol,Mol,20.0,,,
Istanbul Basaksehir,Tur,19.5,,,
Celta de Vigo,Esp,16.25,,,
Girona FC,Esp,8.0,,,
Osasuna,Esp,2.5,,,
Shamrock Rovers,Irl,19.375,,,
Vitória Guimarães,Por,18.75,,,
NK Rijeka,Cro,18.625,,,
FSV Mainz 05,Ger,17.5,,,
1.FC Heidenheim,Ger,8.12,,,
1899 Hoffenheim,Ger,7.0,,,
1.FC Köln,Ger,6.0,,,
VfL Wolfsburg,Ger,8.0,,,
Olimpija Ljubljana,Slo,18.375,,,
Dynamo Kyiv,Ukr,17.5,,,
CFR Cluj,Rom,17.5,,,
Maccabi Haifa,Isr,17.5,,,
Stade Brestois,Fra,16.75,,,
RC Lens,Fra,12.5,,,
Toulouse FC,Fra,10.0,,,
FC Nantes,Fra,8.0,,,
Besiktas,Tur,15.5,,,
Malmö FF,Swe,15.0,,,
APOEL Nicosia,Cyp,14.75,,,
CD Santa Clara,Por,5.0,,,
FC Arouca,Por,2.0,,,
Gil Vicente,Por,2.5,,,
Paços de Ferreira,Por,2.5,,,
KuPS Kuopio,Fin,14.0,,,
HJK Helsinki,Fin,14.0,,,
Hapoel Beer-Sheva,Isr,14.0,,,
FC Drita,Kos,13.625,,,
Go Ahead Eagles,Ned,6.5,,,
FC Utrecht,Ned,3.0,,,
FC Twente Enschede,Ned,13.5,,,
Vitesse Arnhem,Ned,9.0,,,
Lincoln Red Imps,Gib,13.5,,,
Zrinjski Mostar,Bos,13.25,,,
Borac Banja Luka,Bos,13.125,,,
Cercle Brugge,Bel,12.75,,,
RFS Riga,Lat,12.5,,,
Servette FC Genève,Sui,12.5,,,
FK Astana,Kaz,12.5,,,
Royal Antwerp,Bel,12.5,,,
Sivasspor,Tur,12.5,,,
Charleroi,Bel,1.5,,,
SK Brann Bergen,Nor,12.25,,,
Breidablik,Isl,12.0,,,
Zalgiris Vilnius,Lit,12.0,,,
SC Dnipro-1,Ukr,12.0,,,
Zorya Luhansk,Ukr,12.0,,,
Spartak Moscow,Rus,12.0,,,
Vikingur Reykjavik,Isl,11.75,,,
Hearts FC,Sco,11.5,,,
Samsunspor,Tur,11.125,,,
Kairat Almaty,Kaz,11.0,,,
IF Elfsborg,Swe,11.0,,,
Trabzonspor,Tur,11.0,,,
Shkendija Tetovo,Mac,10.875,,,
FC Noah,Arm,10.75,,,
Universitatea Craiova,Rom,10.5,,,
Riga FC,Lat,10.5,,,
KI Klaksvik,Far,10.5,,,
Spartak Trnava,Svk,10.5,,,
Adana Demirspor,Tur,2.5,,,
Konyaspor,Tur,2.0,,,
Lausanne Sports,Sui,10.0,,,
BK Häcken,Swe,10.0,,,
Aberdeen,Sco,10.0,,,
FC Ballkani,Kos,10.0,,,
Hajduk Split,Cro,10.0,,,
Pyunik Yerevan,Arm,10.0,,,
NK Maribor,Slo,10.0,,,
Flora Tallinn,Est,10.0,,,
Sigma Olomouc,Cze,6.62,,,
Baník Ostrava,Cze,4.5,,,
Mladá Boleslav,Cze,4.0,,,
Bohemians Praha,Cze,1.5,,,
1.FC Slovácko,Cze,5.5,,,
FK Jablonec,Cze,5.0,,,
Aris Thessaloniki,Gre,7.0,,,
Brøndby IF,Den,9.5,,,
Linfield Belfast,Nir,9.5,,,
Austria Wien,Aut,9.5,,,
Wisla Kraków,Pol,2.5,,,
Slask Wroclaw,Pol,4.0,,,
Pogon Szczecin,Pol,5.0,,,
Lechia Gdansk,Pol,1.5,,,
Larne FC,Nir,9.0,,,
Petrocub Hîncesti,Mol,9.0,,,
The New Saints,Wal,9.0,,,
Hamrun Spartans,Mlt,8.5,,,
FC Vaduz,Lie,8.5,,,
Silkeborg IF,Den,8.0,,,
FC Nordsjælland,Den,7.0,,,
AGF Aarhus,Den,3.0,,,
Viborg FF,Den,2.5,,,
Randers FC,Den,7.0,,,
Rosenborg BK,Nor,7.0,,,
Fredrikstad FK,Nor,2.5,,,
Viking Stavanger,Nor,4.5,,,
Tromsø IL,Nor,2.0,,,
Lillestrøm SK,Nor,2.0,,,
Vålerengens IF,Nor,1.5,,,
TSC Backa Topola,Srb,8.125,,,
F91 Dudelange,Lux,8.0,,,
Tobol Kustanai,Kaz,8.0,,,
Zenit St. Petersburg,Rus,8.0,,,
St. Patrick's Athletic,Irl,7.5,,,
Milsami Orhei,Mol,7.5,,,
Levadia Tallinn,Est,7.5,,,
Paide Linnameeskond,Est,7.5,,,
Inter Club d'Escaldes,And,7.5,,,
Buducnost Podgorica,Mon,7.5,,,
Partizani Tirana,Alb,7.5,,,
NK Osijek,Cro,7.5,,,
Aris Limassol,Cyp,6.5,,,
Apollon Limassol,Cyp,6.5,,,
Anorthosis Famagusta,Cyp,5.0,,,
AEL Limassol,Cyp,2.0,,,
Levski Sofia,Bul,7.0,,,
Hibernian,Sco,7.0,,,
Ararat-Armenia,Arm,7.0,,,
Puskás Akadémia,Hun,7.0,,,
HB Torshavn,Far,7.0,,,
FC Sankt Gallen,Sui,4.0,,,
FC Zürich,Sui,5.0,,,
FC Luzern,Sui,4.0,,,
Wolfsberger AC,Aut,5.0,,,
Differdange 03,Lux,6.5,,,
Dinamo Minsk,Bls,6.5,,,
Vllaznia Shkodër,Alb,6.5,,,
FK Panevezys,Lit,6.5,,,
Cukaricki Belgrade,Srb,6.5,,,
Neftchi Baku,Azb,6.5,,,
CSKA Sofia,Bul,6.5,,,
Dundee United,Sco,4.0,,,
Kilmarnock,Sco,2.5,,,
St. Mirren,Sco,2.0,,,
Motherwell,Sco,1.5,,,
St. Johnstone,Sco,2.5,,,
Neman Grodno,Bls,6.0,,,
Sabah FK,Azb,6.0,,,
Víkingur,Far,6.0,,,
Kauno Zalgiris,Lit,6.0,,,
Hammarby IF,Swe,6.0,,,
Sutjeska Niksic,Mon,6.0,,,
La Fiorita,Sma,6.0,,,
DAC Dunajska Streda,Svk,6.0,,,
Dinamo Batumi,Geo,6.0,,,
Sepsi OSK,Rom,6.0,,,
AIK Stockholm,Swe,4.5,,,
Kalmar FF,Swe,1.5,,,
NK Varazdin,Cro,1.5,,,
Beitar Jerusalem,Isr,3.5,,,
Zira FK,Azb,5.5,,,
Decic Tuzi,Mon,5.5,,,
Torpedo Zhodino,Bls,5.5,,,
Dila Gori,Geo,5.5,,,
MSK Zilina,Svk,5.5,,,
Hibernians FC,Mlt,5.5,,,
Vojvodina Novi Sad,Srb,5.5,,,
FC Fehérvár,Hun,5.5,,,
Maccabi Petah-Tikva,Isr,2.0,,,
BATE Borisov,Bls,5.5,,,
Gzira United,Mlt,5.5,,,
FK Shkupi,Mac,5.5,,,
Maccabi Netanya,Isr,1.5,,,
MS Ashdod,Isr,1.5,,,
ETO Györ,Hun,2.5,,,
Paksi FC,Hun,4.5,,,
DVSC Debrecen,Hun,2.0,,,
Kecskeméti TE,Hun,1.5,,,
Zalaegerszegi TE,Hun,1.5,,,
Kisvárda FC,Hun,2.0,,,
Újpest TE,Hun,2.0,,,
Polissya Zhytomyr,Ukr,4.0,,,
FC Oleksandriya,Ukr,1.5,,,
Kryvbas Kryviy Rih,Ukr,2.5,,,
Vorskla Poltava,Ukr,4.5,,,
Kolos Kovalivka,Ukr,2.0,,,
Radnicki 1923,Srb,3.0,,,
Novi Pazar,Srb,1.5,,,
Radnicki Nis,Srb,1.5,,,
Universitatea Cluj,Rom,1.5,,,
Corvinul Hunedoara,Rom,2.0,,,
Farul Constanta,Rom,2.5,,,
Iberia 1999,Geo,5.0,,,
FK Sarajevo,Bos,5.0,,,
Atlètic Club d'Escaldes,And,5.0,,,
St Joseph's FC,Gib,5.0,,,
FC Santa Coloma,And,5.0,,,
Urartu FC,Arm,5.0,,,
FC Struga,Mac,5.0,,,
B36 Torshavn,Far,5.0,,,
Dinamo Tbilisi,Geo,5.0,,,
Alashkert FC,Arm,5.0,,,
NK Koper,Slo,3.0,,,
NK Bravo,Slo,1.5,,,
NK Domzale,Slo,3.0,,,
Mura Murska Sobota,Slo,4.0,,,
Araz Nakhchivan,Azb,2.0,,,
Sumgayit FK,Azb,3.0,,,
Gabala FK,Azb,3.0,,,
Kesla FK,Azb,1.5,,,
Lokomotiv Moscow,Rus,3.0,,,
FC Sochi,Rus,2.0,,,
Rubin Kazan,Rus,2.0,,,
Egnatia Rrogozhinë,Alb,4.5,,,
Zimbru Chisinau,Mol,4.5,,,
Torpedo Kutaisi,Geo,4.5,,,
Valur Reykjavik,Isl,4.5,,,
FK Aktobe,Kaz,4.5,,,
Ordabasy Shymkent,Kaz,4.5,,,
FK Auda,Lat,4.5,,,
FCB Magpies,Gib,4.5,,,
Tre Penne,Sma,4.5,,,
Velez Mostar,Bos,4.5,,,
Valmieras FK,Lat,4.5,,,
FC Kosice,Svk,1.5,,,
MFK Ruzomberok,Svk,4.0,,,
Arda Kardzhali,Bul,4.0,,,
Cherno More Varna,Bul,3.0,,,
CSKA 1948 Sofia,Bul,3.5,,,
Botev Plovdiv,Bul,3.5,,,
Lokomotiv Plovdiv,Bul,2.0,,,
Shelbourne,Irl,4.0,,,
AC Virtus,Sma,4.0,,,
Floriana,Mlt,4.0,,,
Derry City,Irl,4.0,,,
KF Tirana,Alb,4.0,,,
Crusaders Belfast,Nir,4.0,,,
FK Liepaja,Lat,4.0,,,
Ilves Tampere,Fin,3.5,,,
KA Akureyri,Isl,3.5,,,
FC Prishtina,Kos,3.5,,,
Cliftonville,Nir,3.5,,,
Birkirkara,Mlt,3.5,,,
Racing Union Luxembourg,Lux,3.5,,,
UE Santa Coloma,And,3.5,,,
KF Llapi,Kos,3.5,,,
Connah's Quay,Wal,3.5,,,
Dundalk,Irl,3.5,,,
Shakhtior Saligorsk,Bls,3.5,,,
KF Laçi,Alb,3.5,,,
CS Fola Esch,Lux,3.5,,,
Sligo Rovers,Irl,3.0,,,
Bohemians Dublin,Irl,2.0,,,
Stjarnan FC,Isl,2.5,,,
KR Reykjavik,Isl,1.0,,,
FH Hafnarfjardar,Isl,1.5,,,
Ararat Yerevan,Arm,2.5,,,
Progrès Niederkorn,Lux,3.0,,,
Bala Town,Wal,3.0,,,
Swift Hesperange,Lux,3.0,,,
Europa FC,Gib,3.0,,,
Suduva Marijampole,Lit,3.0,,,
Sfântul Gheorghe,Mol,2.0,,,
SJK Seinäjoki,Fin,2.5,,,
VPS Vaasa,Fin,1.0,,,
Honka Espoo,Fin,2.5,,,
Haka Valkeakoski,Fin,1.0,,,
Inter Turku,Fin,2.0,,,
KF Malisheva,Kos,2.0,,,
KF Dukagjini,Kos,1.5,,,
SC Gjilani,Kos,2.0,,,
FK Kyzylzhar,Kaz,2.0,,,
Shakhtyor Karaganda,Kaz,2.5,,,
Zeljeznicar Sarajevo,Bos,2.5,,,
Tuzla City,Bos,1.5,,,
Siroki Brijeg,Bos,1.0,,,
BFC Daugavpils,Lat,1.0,,,
Dinamo Tirana,Alb,2.5,,,
UNA Strassen,Lux,2.5,,,
Haverfordwest County,Wal,2.5,,,
Tre Fiori,Sma,2.5,,,
Dynamo Brest,Bls,2.5,,,
Makedonija GjP,Mac,2.5,,,
Newtown,Wal,2.5,,,
FC Hegelmann,Lit,2.0,,,
Penybont,Wal,2.0,,,
NSI Runavik,Far,2.0,,,
Sileks Kratovo,Mac,2.0,,,
Mornar Bar,Mon,2.0,,,
Glentoran,Nir,2.0,,,
Teuta Durrës,Alb,2.0,,,
Sliema Wanderers,Mlt,1.5,,,
Marsaxlokk,Mlt,1.0,,,
Balzan FC,Mlt,1.5,,,
Mosta FC,Mlt,1.0,,,
Kalju Nomme,Est,1.5,,,
Kalev Tallinn,Est,1.0,,,
Trans Narva,Est,1.0,,,
Vardar Skopje,Mac,1.5,,,
Rabotnicki Skopje,Mac,1.0,,,
Tikves Kavadarci,Mac,1.0,,,
Akademija Pandev,Mac,1.0,,,
Banga Gargzdai,Lit,1.5,,,
Transinvest Vilnius,Lit,1.5,,,
FA Siauliai,Lit,1.0,,,
Dungannon Swifts,Nir,1.5,,,
Spaeri Tbilisi,Geo,1.5,,,
Caernarfon Town,Wal,1.5,,,
FC Gomel,Bls,1.5,,,
Folgore,Sma,1.5,,,
Coleraine,Nir,1.0,,,
Mons Calpe,Gib,1.0,,,
Sant Julià,And,1.0,,,
Isloch Minsk Raion,Bls,1.0,,,
Arsenal Tivat,Mon,1.0,,,
Iskra Danilovgrad,Mon,1.0,,,
FK Podgorica,Mon,1.0,,,
Gagra Tbilisi,Geo,1.0,,,
Cosmos,Sma,1.0,,,
